Name,Gender
John,M
Alice,F
Michael,M
Emma,F
David,M
Sophia,F
James,M
Olivia,F
Robert,M
Isabella,F
William,M
Mia,F
Charles,M
Amelia,F
Joseph,M
Harper,F
Thomas,M
Evelyn,F
Daniel,M
Abigail,F
Matthew,M
Ella,F
Richard,M
Scarlett,F
Anthony,M
Grace,F
Mark,M
Victoria,F
George,M
Avery,F
Paul,M
Lily,F
Donald,M
Zoey,F
Kenneth,M
Penelope,F
Steven,M
Aria,F
Edward,M
Chloe,F
Brian,M
Nora,F
Ronald,M
Stella,F
Kevin,M
Hazel,F
Jason,M
Riley,F
Jeffrey,M
Violet,F
Ryan,M
Aurora,F
Gary,M
Lucy,F
Nicholas,M
Hannah,F
Eric,M
Sadie,F
Stephen,M
Leah,F
Jonathan,M
Ellie,F
Larry,M
Zoe,F
Justin,M
Mila,F
Scott,M
Layla,F
Brandon,M
Lillian,F
Frank,M
Addison,F
Raymond,M
Willow,F
Gregory,M
Lucy,F
Joshua,M
Paisley,F
Jerry,M
Natalie,F
Dennis,M
Savannah,F
Walter,M
Brooklyn,F
Patrick,M
Skylar,F
Peter,M
Bella,F
Harold,M
Claire,F
Douglas,M
Samantha,F
Henry,M
Anna,F
Carl,M
Caroline,F
Arthur,M
Genesis,F
Lawrence,M
Kennedy,F
Roger,M
Aaliyah,F
Benjamin,M
Elena,F
Jack,M
Sarah,F
Albert,M
Madison,F
Adam,M
Ruby,F
Nathan,M
Ivy,F
Russell,M
Eva,F
Craig,M
Serenity,F
Timothy,M
Autumn,F
Andrew,M
Kennedy,F
Louis,M
Savannah,F
Bruce,M
Alice,F
Ralph,M
Harper,F
Roy,M
Hazel,F
Samuel,M
Ava,F
Glenn,M
Sophie,F
Clifford,M
Isabelle,F
Vincent,M
Bella,F
Martin,M
Violet,F
Philip,M
Serena,F
Shawn,M
Ruby,F
Dylan,M
Isabella,F
Gabriel,M
Jasmine,F
Vincent,M
Chloe,F
Curtis,M
Hazel,F
Derek,M
Maya,F
Connor,M
Luna,F
Mitchell,M
Anna,F
Corey,M
Grace,F
Marcus,M
Kylie,F
Troy,M
Charlotte,F
Oscar,M
Julia,F
Zachary,M
Scarlett,F
Elliot,M
Olivia,F
Warren,M
Victoria,F
Bryan,M
Amelia,F
Mason,M
Sophia,F
Jerome,M
Aubrey,F
Joel,M
Clara,F
Cameron,M
Ivy,F
Lucas,M
Elena,F
Jackson,M
Gabriella,F
Dean,M
Ariana,F
Alexander,M
Savannah,F
Leo,M
Hannah,F
Owen,M
Ellie,F
Evan,M
Kylie,F
Max,M
Luna,F
Brent,M
Ava,F
Damon,M
Layla,F
Blake,M
Scarlett,F
Ethan,M
Ella,F
Gordon,M
Samantha,F
Hugh,M
Lucy,F
Ivan,M
Ruby,F
Keith,M
Mila,F
Travis,M
Violet,F
Graham,M
Anna,F
Kent,M
Caroline,F
